repo,date,views,views_uniques,clones,clones_uniques
alpha-lib,2026-08-29,29,11,8,3
alpha-lib,2026-08-30,37,14,5,2
alpha-lib,2026-08-31,85,34,17,6
alpha-lib,2026-09-01,55,22,20,8
alpha-lib,2026-09-02,67,26,15,6
alpha-lib,2026-09-03,66,26,11,4
alpha-lib,2026-09-04,59,23,16,6
alpha-lib,2026-09-05,36,14,6,2
alpha-lib,2026-09-06,47,18,9,3
alpha-lib,2026-09-07,63,25,22,8
alpha-lib,2026-09-08,18,7,14,5
alpha-lib,2026-09-09,100,40,18,7
alpha-lib,2026-09-10,90,36,17,6
alpha-lib,2026-09-11,65,26,17,6
alpha-lib,2026-09-12,43,17,7,2
alpha-lib,2026-09-13,63,25,4,1
alpha-lib,2026-09-14,58,23,18,7
alpha-lib,2026-09-15,91,36,14,5
alpha-lib,2026-09-16,74,29,4,1
alpha-lib,2026-09-17,85,34,13,5
alpha-lib,2026-09-18,90,36,27,10
alpha-lib,2026-09-19,39,15,3,1
alpha-lib,2026-09-20,34,13,10,4
alpha-lib,2026-09-21,77,30,14,5
alpha-lib,2026-09-22,77,30,25,10
alpha-lib,2026-09-23,85,34,18,7
alpha-lib,2026-09-24,52,20,19,7
alpha-lib,2026-09-25,40,16,20,8
alpha-lib,2026-09-26,40,16,7,2
alpha-lib,2026-09-27,41,16,12,4
alpha-lib,2026-09-28,67,26,9,3
alpha-lib,2026-09-29,70,28,16,6
alpha-lib,2026-09-30,77,30,7,2
alpha-lib,2026-10-01,86,34,11,4
alpha-lib,2026-10-02,85,34,7,2
alpha-lib,2026-10-03,35,14,10,4
alpha-lib,2026-10-04,41,16,12,4
alpha-lib,2026-10-05,85,34,19,7
alpha-lib,2026-10-06,107,42,16,6
alpha-lib,2026-10-07,91,36,25,10
beta-tool,2026-08-29,11,4,2,0
beta-tool,2026-08-30,13,5,3,1
beta-tool,2026-08-31,27,10,2,0
beta-tool,2026-09-01,24,9,10,4
beta-tool,2026-09-02,30,12,4,1
beta-tool,2026-09-03,29,11,6,2
beta-tool,2026-09-04,30,12,5,2
beta-tool,2026-09-05,14,5,3,1
beta-tool,2026-09-06,8,3,2,0
beta-tool,2026-09-07,43,17,8,3
beta-tool,2026-09-08,39,15,7,2
beta-tool,2026-09-09,31,12,2,0
beta-tool,2026-09-10,19,7,8,3
beta-tool,2026-09-11,46,18,3,1
beta-tool,2026-09-12,12,4,2,0
beta-tool,2026-09-13,22,8,2,0
beta-tool,2026-09-14,32,12,9,3
beta-tool,2026-09-15,36,14,8,3
beta-tool,2026-09-16,27,10,7,2
beta-tool,2026-09-17,49,19,6,2
beta-tool,2026-09-18,43,17,5,2
beta-tool,2026-09-19,18,7,1,0
beta-tool,2026-09-20,12,4,2,0
beta-tool,2026-09-21,24,9,4,1
beta-tool,2026-09-22,32,12,3,1
beta-tool,2026-09-23,51,20,5,2
beta-tool,2026-09-24,27,10,3,1
beta-tool,2026-09-25,33,13,6,2
beta-tool,2026-09-26,20,8,2,0
beta-tool,2026-09-27,29,11,4,1
beta-tool,2026-09-28,40,16,9,3
beta-tool,2026-09-29,26,10,4,1
beta-tool,2026-09-30,41,16,8,3
beta-tool,2026-10-01,32,12,5,2
beta-tool,2026-10-02,36,14,8,3
beta-tool,2026-10-03,29,11,4,1
beta-tool,2026-10-04,22,8,5,2
beta-tool,2026-10-05,44,17,7,2
beta-tool,2026-10-06,38,15,7,2
beta-tool,2026-10-07,62,24,5,2
gamma-cli,2026-08-29,8,3,1,0
gamma-cli,2026-08-30,5,2,1,0
gamma-cli,2026-08-31,13,5,1,0
gamma-cli,2026-09-01,10,4,2,0
gamma-cli,2026-09-02,18,7,4,1
gamma-cli,2026-09-03,13,5,4,1
gamma-cli,2026-09-04,13,5,3,1
gamma-cli,2026-09-05,6,2,0,0
gamma-cli,2026-09-06,8,3,0,0
gamma-cli,2026-09-07,11,4,2,0
gamma-cli,2026-09-08,16,6,3,1
gamma-cli,2026-09-09,13,5,2,0
gamma-cli,2026-09-10,17,6,3,1
gamma-cli,2026-09-11,14,5,4,1
gamma-cli,2026-09-12,8,3,2,0
gamma-cli,2026-09-13,10,4,0,0
gamma-cli,2026-09-14,17,6,2,0
gamma-cli,2026-09-15,13,5,3,1
gamma-cli,2026-09-16,16,6,2,0
gamma-cli,2026-09-17,13,5,6,2
gamma-cli,2026-09-18,16,6,2,0
gamma-cli,2026-09-19,3,1,1,0
gamma-cli,2026-09-20,9,3,1,0
gamma-cli,2026-09-21,12,4,3,1
gamma-cli,2026-09-22,15,6,4,1
gamma-cli,2026-09-23,16,6,4,1
gamma-cli,2026-09-24,19,7,5,2
gamma-cli,2026-09-25,18,7,3,1
gamma-cli,2026-09-26,4,1,1,0
gamma-cli,2026-09-27,5,2,1,0
gamma-cli,2026-09-28,22,8,2,0
gamma-cli,2026-09-29,18,7,3,1
gamma-cli,2026-09-30,20,8,1,0
gamma-cli,2026-10-01,14,5,3,1
gamma-cli,2026-10-02,18,7,5,2
gamma-cli,2026-10-03,8,3,1,0
gamma-cli,2026-10-04,9,3,1,0
gamma-cli,2026-10-05,18,7,4,1
gamma-cli,2026-10-06,26,10,0,0
gamma-cli,2026-10-07,18,7,0,0
